{"version":null,"displayName":"Rapid7","type":"Rapid7","logo":"Screen Shot 2021-06-21 at 2.33.37 PM.png","logoSmall":"Screen Shot 2021-06-21 at 2.34.30 PM.png","metadata":[{"name":"Application","dependent":false,"dependentMetadata":null,"values":[{"id":"c088d4d2-f221-4823-b8e1-ce3d16420959","name":"Web Scan Test","attributeName":null,"referenceType":null,"dependents":null,"regex":false}]}],"fields":[{"id":"severity","name":"severity","datatype":"String","values":null},{"id":"message","name":"message","datatype":"String","values":null},{"id":"description","name":"description","datatype":"String","values":null},{"id":"id","name":"id","datatype":"String","values":null},{"id":"title","name":"title","datatype":"String","values":null},{"id":"last_discovered","name":"last_discovered","datatype":"Datetime","values":null},{"id":"root_cause","name":"root_cause","datatype":"String","values":null}],"loginOptions":[],"idFieldName":"id","titleFieldName":"title","projectFieldName":"","artifactFieldName":"","testStepsFieldName":null,"changedDateFieldName":"last_discovered","dateFormat":"dd-MM-yyyy","dateTimeFormat":"dd-MM-yyyy'T'HH:mm:ss.SSSSS","queryDateFormat":"dd-MM-yyyy'T'HH:mm:ss","iso8601DateFormat":true,"commentFieldName":null,"commentFieldId":null,"attachmentFieldName":null,"attachmentFieldId":null,"apiVersion":null,"callBackUrlConfigured":false,"callBackUrls":null,"apiProvider":"ExternalApplication","applicationType":null,"urlDescription":"","userNameDescription":"","passwordDescription":"","paginationSupported":true,"paginationAttributes":{"totalModifiedRecordsCountAttribute":null,"pageSizeAttribute":null,"offsetAttribute":null,"linkAttribute":"next","webLink":true,"header":false},"status":"Active","active":true,"syncModel":"ReadWrite"}