[{"schemeId":16,"schemeName":"Default","adapterType":"Rapid7","group":null,"active":true,"adapterMetadataList":[],"requestHeaders":[],"restTemplates":{"QUERY_RECORD_BY_ID":{"templateId":30,"operation":"QUERY_RECORD_BY_ID","httpVerb":"GET","restUrl":"/ias/v1/vulnerabilities/${recordId}","specifications":{"Request":{"specId":60,"type":"Request","adapterType":null,"specType":null,"status":"Active","specification":null,"samplePayload":null,"statusCode":2,"contentAvailable":false},"Response":{"specId":59,"type":"Response","adapterType":null,"specType":"JOLT","status":"Active","specification":"[\n  {\n    \"operation\": \"shift\",\n    \"spec\": {\n      \"id\": \"&\",\n      \"*\": \"fields.&\",\n      \"app\": {\n        \"id\": \"fields.application\"\n      }\n    }\n  }\n]\n","samplePayload":"{\n  \"id\": \"4b0b9d8e-b0e9-41eb-b9c3-877fefacd5c4\",\n  \"app\": {\n    \"id\": \"c088d4d2-f221-4823-b8e1-ce3d16420959\"\n  },\n  \"scan_config\": {\n    \"id\": \"7fc12812-98cd-48bd-a669-dbc8730c6cec\"\n  },\n  \"submitter\": {\n    \"type\": \"USER\",\n    \"id\": \"4a46cb9f-ab91-4e93-b74f-0ccd5e3e1f9d\"\n  },\n  \"submit_time\": \"2021-06-22T21:31:36.503998\",\n  \"completion_time\": \"2021-06-22T22:20:30.593456\",\n  \"status\": \"COMPLETE\",\n  \"scan_type\": \"REGULAR\",\n  \"links\": [\n    {\n      \"rel\": \"self\",\n      \"href\": \"https://us3.api.insight.rapid7.com:443/ias/v1/scans/4b0b9d8e-b0e9-41eb-b9c3-877fefacd5c4\"\n    }\n  ]\n}","statusCode":2,"contentAvailable":true}}},"CREATE_RECORD":{"templateId":33,"operation":"CREATE_RECORD","httpVerb":"PUT","restUrl":"/ias/v1/vulnerabilities/${recordId}","specifications":{"Request":{"specId":63,"type":"Request","adapterType":null,"specType":"None","status":"Active","specification":"{}","samplePayload":"{}","statusCode":2,"contentAvailable":true},"Response":{"specId":64,"type":"Response","adapterType":null,"specType":"None","status":"Active","specification":"{}","samplePayload":"{}","statusCode":2,"contentAvailable":true}}},"QUERY_MODIFIED_RECORDS":{"templateId":31,"operation":"QUERY_MODIFIED_RECORDS","httpVerb":"GET","restUrl":"/ias/v1/vulnerabilities?app.id=${Application}&size=1","specifications":{"Request":{"specId":58,"type":"Request","adapterType":null,"specType":null,"status":"Active","specification":null,"samplePayload":null,"statusCode":2,"contentAvailable":false},"Response":{"specId":57,"type":"Response","adapterType":null,"specType":"JOLT","status":"Active","specification":"[\n  {\n    \"operation\": \"shift\",\n    \"spec\": {\n      \"metadata\": {\n        \"*\": \"&\"\n      },\n      \"links\": {\n        \"*\": {\n          \"@href\": \"@rel\"\n        }\n      },\n      \"data\": {\n        \"*\": {\n          \"id\": \"result.[&1].id\",\n          \"app\": {\n            \"*\": \"result.[&2].fields.application\"\n          },\n          \"root_cause\": {\n            \"url\": \"result.[&2].fields.root_cause\"\n          },\n          \"variances\": {\n            \"*\": {\n              \"message\": \"result.[&3].fields.&\",\n              \"attack\": {\n                \"id\": \"result.[&4].fields.title\"\n              }\n            }\n          },\n          \"*\": \"result.[&1].fields.&\"\n        }\n      }\n    }\n},\n  {\n    \"operation\": \"modify-overwrite-beta\",\n    \"spec\": {\n      \"result\": {\n        \"*\": {\n          \"fields\": {\n            \"title\": \"=concat('Attack: ',@(1,title[0]),',',@(1,title[1]),',',@(1,title[2]),',',@(1,title[3]),',',@(1,title[4]))\"\n          }\n        }\n      }\n    }\n  }\n\n\n]\n","samplePayload":"{\n    \"data\": [\n        {\n            \"id\": \"94d3a3e3-6bb7-433f-9ead-beb29012aca7\",\n            \"app\": {\n                \"id\": \"c088d4d2-f221-4823-b8e1-ce3d16420959\"\n            },\n            \"root_cause\": {\n                \"url\": \"http://webscantest.com/shutterdb/search_get_by_id.php\",\n                \"parameter\": \"2 AND 2\",\n                \"method\": \"GET\"\n            },\n            \"severity\": \"HIGH\",\n            \"status\": \"UNREVIEWED\",\n            \"first_discovered\": \"2021-06-22T22:20:22.24894\",\n            \"last_discovered\": \"2021-06-22T22:20:22.24894\",\n            \"newly_discovered\": false,\n            \"variances\": [\n                {\n                    \"original_value\": \"3\",\n                    \"module\": {\n                        \"id\": \"22e85eea-6883-4039-82d8-c298aebc935a\"\n                    },\n                    \"attack\": {\n                        \"id\": \"BSQL19j\"\n                    },\n                    \"attack_value\": \"3 OR 1=0--\",\n                    \"message\": \"The following parameter values were submitted to test for this vulnerability:\\n#1, Passed: 3 OR 1=1-- - the response should be different from the original. Alternate value.\\n#2, Passed: 3 OR 1=0-- - the response should be different from the Alternate value.\\n#3, Passed: 3 OR 2=2-- - the response should be the same as the response from the Alternate value.\\n#4, Passed: 3 OR 2=1-- - the response should be different from the Alternate value.\\n#5, Passed: 3 OR 3=3-- - the response should be the same as the response from the Alternate value.\\n#6, Passed: 3 OR 2=1-- - the response should be different from the Alternate value.\\n#7, Passed: 3 OR 3=3-- - the response should be the same as the response from the Alternate value.\\n#8, Passed: 3 OR 2=1-- - the response should be different from the Alternate value.\\n#9, Passed: 3 OR 3=3-- - the response should be the same as the response from the Alternate value.\",\n                    \"proof\": \"Results for: 2 AND 2=3 OR 3=3--<br/>\\n<table border=\\\"1\\\">\\n\\t\\t<tr>\\n\\t\\t\\t<td>ID</td>\\n\\t\\t\\t<td>Name</td>\\n\\t\\t\\t<td>Description</td>\\n\\t\\t\\t<td>Price</td>\\n\\t\\t\\t<td>Picture</td>\\n\\t\\t</tr>\\n\\t\\t<tr>\\n\\t\\t\\t<td>1</td>\",\n                    \"proof_description\": \"The following parameter values were submitted to test for this vulnerability:\\n#1, Passed: 3 OR 1=1-- - the response should be different from the original. Alternate value.\\n#2, Passed: 3 OR 1=0-- - the response should be different from the Alternate value.\\n#3, Passed: 3 OR 2=2-- - the response should be the same as the response from the Alternate value.\\n#4, Passed: 3 OR 2=1-- - the response should be different from the Alternate value.\\n#5, Passed: 3 OR 3=3-- - the response should be the same as the response from the Alternate value.\\n#6, Passed: 3 OR 2=1-- - the response should be different from the Alternate value.\\n#7, Passed: 3 OR 3=3-- - the response should be the same as the response from the Alternate value.\\n#8, Passed: 3 OR 2=1-- - the response should be different from the Alternate value.\\n#9, Passed: 3 OR 3=3-- - the response should be the same as the response from the Alternate value.\"\n                },\n                {\n                    \"original_value\": \"3\",\n                    \"original_exchange\": {\n                        \"request\": \"GET /shutterdb/search_get_by_id.php?id=2%20AND%202=3 HTTP/1.1\\r\\nAccept: text/html,application/xhtml+xml,application/xml;q=0.9,*/*;q=0.8\\r\\nAccept-Encoding: gzip, deflate\\r\\nAccept-Language: en-US\\r\\nUser-Agent: Mozilla/5.0 (Windows NT 10.0; WOW64) AppleWebKit/537.36 (KHTML, like Gecko) Chrome/79.0.3945.117 Safari/537.36\\r\\nX-RTC-AUTH: R7_IAS\\r\\nX-RTC-SCANID: 4b0b9d8e-b0e9-41eb-b9c3-877fefacd5c4\\r\\nHost: webscantest.com\\r\\nCookie: last_search4=1e309; last_search5=1%27+OR+%271%27%3D%271; TEST_SESSIONID=8lrmg1qtdurmut826kc4pl1dh6; NB_SRVID=srv140717; aspNetSim=1; __RequestVerificationToken=predefinedtoken; firstname=x7o1lmlc%27%22%3C%3D%2F-%2A%3Ex7o1lmlc\\r\\nX-RTC-REQUESTID: {174349C7-EFD0-461B-9192-DA40A849883C}\\r\\n\\r\\n\",\n                        \"response\": \"HTTP/1.1 200 OK\\r\\nCache-Control: no-store, no-cache, must-revalidate, post-check=0, pre-check=0\\r\\nConnection: close\\r\\nDate: Tue, 22 Jun 2021 21:45:12 GMT\\r\\nPragma: no-cache\\r\\nContent-Length: 637\\r\\nContent-Type: text/html\\r\\nContent-Encoding: gzip\\r\\nExpires: Thu, 19 Nov 1981 08:52:00 GMT\\r\\nServer: Apache/2.4.7 (Ubuntu)\\r\\nVary: Accept-Encoding\\r\\nx-powered-by: PHP/5.5.9-1ubuntu4.29\"\n                    },\n                    \"module\": {\n                        \"id\": \"22e85eea-6883-4039-82d8-c298aebc935a\"\n                    },\n                    \"attack\": {\n                        \"id\": \"BSQL09a\"\n                    },\n                    \"attack_value\": \"3 OR 1=0\",\n                    \"message\": \"The following parameter values were submitted to test for this vulnerability:\\n#1, Passed: 3 OR 1=1 - the response should be different from the original. Alternate value.\\n#2, Passed: 3 OR 1=0 - the response should be the same as the original.\\n#3, Passed: 3 OR 2=2 - the response should be the same as the response from the Alternate value.\\n#4, Passed: 3 OR 2=1 - the response should be the same as the original.\\n#5, Passed: 3 OR 3=3 - the response should be the same as the response from the Alternate value.\\n#6, Passed: 3 OR 2=1 - the response should be the same as the original.\\n#7, Passed: 3 OR 3=3 - the response should be the same as the response from the Alternate value.\\n#8, Passed: 3 OR 2=1 - the response should be the same as the original.\\n#9, Passed: 3 OR 3=3 - the response should be the same as the response from the Alternate value.\",\n                    \"proof\": \"Results for: 2 AND 2=3 OR 3=3<br/>\\n<table border=\\\"1\\\">\\n\\t\\t<tr>\\n\\t\\t\\t<td>ID</td>\\n\\t\\t\\t<td>Name</td>\\n\\t\\t\\t<td>Description</td>\\n\\t\\t\\t<td>Price</td>\\n\\t\\t\\t<td>Picture</td>\\n\\t\\t</tr>\\n\\t\\t<tr>\\n\\t\\t\\t<td>1</td>\",\n                    \"attack_exchanges\": [\n                        {\n                            \"request\": \"GET /shutterdb/search_get_by_id.php?id=2%20AND%202=3%20OR%201%3D0 HTTP/1.1\\r\\nAccept: text/html,application/xhtml+xml,application/xml;q=0.9,*/*;q=0.8\\r\\nAccept-Encoding: gzip, deflate\\r\\nAccept-Language: en-US\\r\\nUser-Agent: Mozilla/5.0 (Windows NT 10.0; WOW64) AppleWebKit/537.36 (KHTML, like Gecko) Chrome/79.0.3945.117 Safari/537.36\\r\\nX-RTC-AUTH: R7_IAS\\r\\nX-RTC-SCANID: 4b0b9d8e-b0e9-41eb-b9c3-877fefacd5c4\\r\\nHost: webscantest.com\\r\\nCookie: last_search4=2; last_search5=1; TEST_SESSIONID=8lrmg1qtdurmut826kc4pl1dh6; NB_SRVID=srv140717; aspNetSim=1; __RequestVerificationToken=predefinedtoken; firstname=John%27+%26%26+%271%27%3D%3D%271\\r\\nX-RTC-REQUESTID: {C62AF6A9-94B2-42CB-86F3-476860227AC6}\\r\\nX-RTC-ATTACKTYPE: BSQLInjection\\r\\n\\r\\n\",\n                            \"response\": \"HTTP/1.1 200 OK\\r\\nCache-Control: no-store, no-cache, must-revalidate, post-check=0, pre-check=0\\r\\nConnection: close\\r\\nDate: Tue, 22 Jun 2021 22:03:28 GMT\\r\\nPragma: no-cache\\r\\nContent-Length: 637\\r\\nContent-Type: text/html\\r\\nContent-Encoding: gzip\\r\\nExpires: Thu, 19 Nov 1981 08:52:00 GMT\\r\\nServer: Apache/2.4.7 (Ubuntu)\\r\\nVary: Accept-Encoding\\r\\nx-powered-by: PHP/5.5.9-1ubuntu4.29\"\n                        },\n                        {\n                            \"request\": \"GET /shutterdb/search_get_by_id.php?id=2%20AND%202=3%20OR%201%3D1 HTTP/1.1\\r\\nAccept: text/html,application/xhtml+xml,application/xml;q=0.9,*/*;q=0.8\\r\\nAccept-Encoding: gzip, deflate\\r\\nAccept-Language: en-US\\r\\nUser-Agent: Mozilla/5.0 (Windows NT 10.0; WOW64) AppleWebKit/537.36 (KHTML, like Gecko) Chrome/79.0.3945.117 Safari/537.36\\r\\nX-RTC-AUTH: R7_IAS\\r\\nX-RTC-SCANID: 4b0b9d8e-b0e9-41eb-b9c3-877fefacd5c4\\r\\nHost: webscantest.com\\r\\nCookie: last_search4=2; last_search5=1; TEST_SESSIONID=8lrmg1qtdurmut826kc4pl1dh6; NB_SRVID=srv140717; aspNetSim=1; __RequestVerificationToken=predefinedtoken; firstname=John%27+%26%26+%271%27%3D%3D%271\\r\\nX-RTC-REQUESTID: {2EB51258-56A2-4437-A9C3-DBAA0A497443}\\r\\nX-RTC-ATTACKTYPE: BSQLInjection\\r\\n\\r\\n\",\n                            \"response\": \"HTTP/1.1 200 OK\\r\\nCache-Control: no-store, no-cache, must-revalidate, post-check=0, pre-check=0\\r\\nConnection: close\\r\\nDate: Tue, 22 Jun 2021 22:03:28 GMT\\r\\nPragma: no-cache\\r\\nContent-Length: 1001\\r\\nContent-Type: text/html\\r\\nContent-Encoding: gzip\\r\\nExpires: Thu, 19 Nov 1981 08:52:00 GMT\\r\\nServer: Apache/2.4.7 (Ubuntu)\\r\\nVary: Accept-Encoding\\r\\nx-powered-by: PHP/5.5.9-1ubuntu4.29\"\n                        },\n                        {\n                            \"request\": \"GET /shutterdb/search_get_by_id.php?id=2%20AND%202=3%20OR%202%3D1 HTTP/1.1\\r\\nAccept: text/html,application/xhtml+xml,application/xml;q=0.9,*/*;q=0.8\\r\\nAccept-Encoding: gzip, deflate\\r\\nAccept-Language: en-US\\r\\nUser-Agent: Mozilla/5.0 (Windows NT 10.0; WOW64) AppleWebKit/537.36 (KHTML, like Gecko) Chrome/79.0.3945.117 Safari/537.36\\r\\nX-RTC-AUTH: R7_IAS\\r\\nX-RTC-SCANID: 4b0b9d8e-b0e9-41eb-b9c3-877fefacd5c4\\r\\nHost: webscantest.com\\r\\nCookie: last_search4=2; last_search5=1; TEST_SESSIONID=8lrmg1qtdurmut826kc4pl1dh6; NB_SRVID=srv140717; aspNetSim=1; __RequestVerificationToken=predefinedtoken; firstname=John%27+%26%26+%271%27%3D%3D%271\\r\\nX-RTC-REQUESTID: {28799789-BACD-4B8A-9DB0-A5459A73A8A0}\\r\\nX-RTC-ATTACKTYPE: BSQLInjection\\r\\n\\r\\n\",\n                            \"response\": \"HTTP/1.1 200 OK\\r\\nCache-Control: no-store, no-cache, must-revalidate, post-check=0, pre-check=0\\r\\nConnection: close\\r\\nDate: Tue, 22 Jun 2021 22:03:33 GMT\\r\\nPragma: no-cache\\r\\nContent-Length: 637\\r\\nContent-Type: text/html\\r\\nContent-Encoding: gzip\\r\\nExpires: Thu, 19 Nov 1981 08:52:00 GMT\\r\\nServer: Apache/2.4.7 (Ubuntu)\\r\\nVary: Accept-Encoding\\r\\nx-powered-by: PHP/5.5.9-1ubuntu4.29\"\n                        },\n                        {\n                            \"request\": \"GET /shutterdb/search_get_by_id.php?id=2%20AND%202=3%20OR%203%3D3 HTTP/1.1\\r\\nAccept: text/html,application/xhtml+xml,application/xml;q=0.9,*/*;q=0.8\\r\\nAccept-Encoding: gzip, deflate\\r\\nAccept-Language: en-US\\r\\nUser-Agent: Mozilla/5.0 (Windows NT 10.0; WOW64) AppleWebKit/537.36 (KHTML, like Gecko) Chrome/79.0.3945.117 Safari/537.36\\r\\nX-RTC-AUTH: R7_IAS\\r\\nX-RTC-SCANID: 4b0b9d8e-b0e9-41eb-b9c3-877fefacd5c4\\r\\nHost: webscantest.com\\r\\nCookie: last_search4=2; last_search5=1; TEST_SESSIONID=8lrmg1qtdurmut826kc4pl1dh6; NB_SRVID=srv140717; aspNetSim=1; __RequestVerificationToken=predefinedtoken; firstname=John%27+%26%26+%271%27%3D%3D%271\\r\\nX-RTC-REQUESTID: {F4451069-DB3D-472F-8959-E539E8E4275F}\\r\\nX-RTC-ATTACKTYPE: BSQLInjection\\r\\n\\r\\n\",\n                            \"response\": \"HTTP/1.1 200 OK\\r\\nCache-Control: no-store, no-cache, must-revalidate, post-check=0, pre-check=0\\r\\nConnection: close\\r\\nDate: Tue, 22 Jun 2021 22:03:34 GMT\\r\\nPragma: no-cache\\r\\nContent-Length: 1000\\r\\nContent-Type: text/html\\r\\nContent-Encoding: gzip\\r\\nExpires: Thu, 19 Nov 1981 08:52:00 GMT\\r\\nServer: Apache/2.4.7 (Ubuntu)\\r\\nVary: Accept-Encoding\\r\\nx-powered-by: PHP/5.5.9-1ubuntu4.29\"\n                        },\n                        {\n                            \"request\": \"GET /shutterdb/search_get_by_id.php?id=2%20AND%202=3%20OR%202%3D2 HTTP/1.1\\r\\nAccept: text/html,application/xhtml+xml,application/xml;q=0.9,*/*;q=0.8\\r\\nAccept-Encoding: gzip, deflate\\r\\nAccept-Language: en-US\\r\\nUser-Agent: Mozilla/5.0 (Windows NT 10.0; WOW64) AppleWebKit/537.36 (KHTML, like Gecko) Chrome/79.0.3945.117 Safari/537.36\\r\\nX-RTC-AUTH: R7_IAS\\r\\nX-RTC-SCANID: 4b0b9d8e-b0e9-41eb-b9c3-877fefacd5c4\\r\\nHost: webscantest.com\\r\\nCookie: last_search4=2; last_search5=1; TEST_SESSIONID=8lrmg1qtdurmut826kc4pl1dh6; NB_SRVID=srv140717; aspNetSim=1; __RequestVerificationToken=predefinedtoken; firstname=John%27+%26%26+%271%27%3D%3D%271\\r\\nX-RTC-REQUESTID: {67B74B94-1EBB-40AF-9D77-EC547F8560BD}\\r\\nX-RTC-ATTACKTYPE: BSQLInjection\\r\\n\\r\\n\",\n                            \"response\": \"HTTP/1.1 200 OK\\r\\nCache-Control: no-store, no-cache, must-revalidate, post-check=0, pre-check=0\\r\\nConnection: close\\r\\nDate: Tue, 22 Jun 2021 22:03:29 GMT\\r\\nPragma: no-cache\\r\\nContent-Length: 1000\\r\\nContent-Type: text/html\\r\\nContent-Encoding: gzip\\r\\nExpires: Thu, 19 Nov 1981 08:52:00 GMT\\r\\nServer: Apache/2.4.7 (Ubuntu)\\r\\nVary: Accept-Encoding\\r\\nx-powered-by: PHP/5.5.9-1ubuntu4.29\"\n                        },\n                        {\n                            \"request\": \"GET /shutterdb/search_get_by_id.php?id=2%20AND%202=3%20OR%202%3D1 HTTP/1.1\\r\\nAccept: text/html,application/xhtml+xml,application/xml;q=0.9,*/*;q=0.8\\r\\nAccept-Encoding: gzip, deflate\\r\\nAccept-Language: en-US\\r\\nUser-Agent: Mozilla/5.0 (Windows NT 10.0; WOW64) AppleWebKit/537.36 (KHTML, like Gecko) Chrome/79.0.3945.117 Safari/537.36\\r\\nX-RTC-AUTH: R7_IAS\\r\\nX-RTC-SCANID: 4b0b9d8e-b0e9-41eb-b9c3-877fefacd5c4\\r\\nHost: webscantest.com\\r\\nCookie: last_search4=2; last_search5=1; TEST_SESSIONID=8lrmg1qtdurmut826kc4pl1dh6; NB_SRVID=srv140717; aspNetSim=1; __RequestVerificationToken=predefinedtoken; firstname=John%27+%26%26+%271%27%3D%3D%271\\r\\nX-RTC-REQUESTID: {AA3F18AB-EBF0-449E-BDAF-E6547D9DB8B8}\\r\\nX-RTC-ATTACKTYPE: BSQLInjection\\r\\n\\r\\n\",\n                            \"response\": \"HTTP/1.1 200 OK\\r\\nCache-Control: no-store, no-cache, must-revalidate, post-check=0, pre-check=0\\r\\nConnection: close\\r\\nDate: Tue, 22 Jun 2021 22:03:30 GMT\\r\\nPragma: no-cache\\r\\nContent-Length: 637\\r\\nContent-Type: text/html\\r\\nContent-Encoding: gzip\\r\\nExpires: Thu, 19 Nov 1981 08:52:00 GMT\\r\\nServer: Apache/2.4.7 (Ubuntu)\\r\\nVary: Accept-Encoding\\r\\nx-powered-by: PHP/5.5.9-1ubuntu4.29\"\n                        },\n                        {\n                            \"request\": \"GET /shutterdb/search_get_by_id.php?id=2%20AND%202=3%20OR%203%3D3 HTTP/1.1\\r\\nAccept: text/html,application/xhtml+xml,application/xml;q=0.9,*/*;q=0.8\\r\\nAccept-Encoding: gzip, deflate\\r\\nAccept-Language: en-US\\r\\nUser-Agent: Mozilla/5.0 (Windows NT 10.0; WOW64) AppleWebKit/537.36 (KHTML, like Gecko) Chrome/79.0.3945.117 Safari/537.36\\r\\nX-RTC-AUTH: R7_IAS\\r\\nX-RTC-SCANID: 4b0b9d8e-b0e9-41eb-b9c3-877fefacd5c4\\r\\nHost: webscantest.com\\r\\nCookie: last_search4=2; last_search5=1; TEST_SESSIONID=8lrmg1qtdurmut826kc4pl1dh6; NB_SRVID=srv140717; aspNetSim=1; __RequestVerificationToken=predefinedtoken; firstname=John%27+%26%26+%271%27%3D%3D%271\\r\\nX-RTC-REQUESTID: {B6852EF7-DC4D-4E76-8D95-4A9B29ADCD02}\\r\\nX-RTC-ATTACKTYPE: BSQLInjection\\r\\n\\r\\n\",\n                            \"response\": \"HTTP/1.1 200 OK\\r\\nCache-Control: no-store, no-cache, must-revalidate, post-check=0, pre-check=0\\r\\nConnection: close\\r\\nDate: Tue, 22 Jun 2021 22:03:32 GMT\\r\\nPragma: no-cache\\r\\nContent-Length: 1000\\r\\nContent-Type: text/html\\r\\nContent-Encoding: gzip\\r\\nExpires: Thu, 19 Nov 1981 08:52:00 GMT\\r\\nServer: Apache/2.4.7 (Ubuntu)\\r\\nVary: Accept-Encoding\\r\\nx-powered-by: PHP/5.5.9-1ubuntu4.29\"\n                        },\n                        {\n                            \"request\": \"GET /shutterdb/search_get_by_id.php?id=2%20AND%202=3%20OR%203%3D3 HTTP/1.1\\r\\nAccept: text/html,application/xhtml+xml,application/xml;q=0.9,*/*;q=0.8\\r\\nAccept-Encoding: gzip, deflate\\r\\nAccept-Language: en-US\\r\\nUser-Agent: Mozilla/5.0 (Windows NT 10.0; WOW64) AppleWebKit/537.36 (KHTML, like Gecko) Chrome/79.0.3945.117 Safari/537.36\\r\\nX-RTC-AUTH: R7_IAS\\r\\nX-RTC-SCANID: 4b0b9d8e-b0e9-41eb-b9c3-877fefacd5c4\\r\\nHost: webscantest.com\\r\\nCookie: last_search4=2; last_search5=1; TEST_SESSIONID=8lrmg1qtdurmut826kc4pl1dh6; NB_SRVID=srv140717; aspNetSim=1; __RequestVerificationToken=predefinedtoken; firstname=John%27+%26%26+%271%27%3D%3D%271\\r\\nX-RTC-REQUESTID: {A0E6C9D3-05FD-42D9-8F77-F0056FBD7D73}\\r\\nX-RTC-ATTACKTYPE: BSQLInjection\\r\\n\\r\\n\",\n                            \"response\": \"HTTP/1.1 200 OK\\r\\nCache-Control: no-store, no-cache, must-revalidate, post-check=0, pre-check=0\\r\\nConnection: close\\r\\nDate: Tue, 22 Jun 2021 22:03:31 GMT\\r\\nPragma: no-cache\\r\\nContent-Length: 1000\\r\\nContent-Type: text/html\\r\\nContent-Encoding: gzip\\r\\nExpires: Thu, 19 Nov 1981 08:52:00 GMT\\r\\nServer: Apache/2.4.7 (Ubuntu)\\r\\nVary: Accept-Encoding\\r\\nx-powered-by: PHP/5.5.9-1ubuntu4.29\"\n                        },\n                        {\n                            \"request\": \"GET /shutterdb/search_get_by_id.php?id=2%20AND%202=3%20OR%202%3D1 HTTP/1.1\\r\\nAccept: text/html,application/xhtml+xml,application/xml;q=0.9,*/*;q=0.8\\r\\nAccept-Encoding: gzip, deflate\\r\\nAccept-Language: en-US\\r\\nUser-Agent: Mozilla/5.0 (Windows NT 10.0; WOW64) AppleWebKit/537.36 (KHTML, like Gecko) Chrome/79.0.3945.117 Safari/537.36\\r\\nX-RTC-AUTH: R7_IAS\\r\\nX-RTC-SCANID: 4b0b9d8e-b0e9-41eb-b9c3-877fefacd5c4\\r\\nHost: webscantest.com\\r\\nCookie: last_search4=2; last_search5=1; TEST_SESSIONID=8lrmg1qtdurmut826kc4pl1dh6; NB_SRVID=srv140717; aspNetSim=1; __RequestVerificationToken=predefinedtoken; firstname=John%27+%26%26+%271%27%3D%3D%271\\r\\nX-RTC-REQUESTID: {7DDDA1F6-F218-4DD8-8790-B1EF00F81A57}\\r\\nX-RTC-ATTACKTYPE: BSQLInjection\\r\\n\\r\\n\",\n                            \"response\": \"HTTP/1.1 200 OK\\r\\nCache-Control: no-store, no-cache, must-revalidate, post-check=0, pre-check=0\\r\\nConnection: close\\r\\nDate: Tue, 22 Jun 2021 22:03:31 GMT\\r\\nPragma: no-cache\\r\\nContent-Length: 637\\r\\nContent-Type: text/html\\r\\nContent-Encoding: gzip\\r\\nExpires: Thu, 19 Nov 1981 08:52:00 GMT\\r\\nServer: Apache/2.4.7 (Ubuntu)\\r\\nVary: Accept-Encoding\\r\\nx-powered-by: PHP/5.5.9-1ubuntu4.29\"\n                        }\n                    ],\n                    \"proof_description\": \"The following parameter values were submitted to test for this vulnerability:\\n#1, Passed: 3 OR 1=1 - the response should be different from the original. Alternate value.\\n#2, Passed: 3 OR 1=0 - the response should be the same as the original.\\n#3, Passed: 3 OR 2=2 - the response should be the same as the response from the Alternate value.\\n#4, Passed: 3 OR 2=1 - the response should be the same as the original.\\n#5, Passed: 3 OR 3=3 - the response should be the same as the response from the Alternate value.\\n#6, Passed: 3 OR 2=1 - the response should be the same as the original.\\n#7, Passed: 3 OR 3=3 - the response should be the same as the response from the Alternate value.\\n#8, Passed: 3 OR 2=1 - the response should be the same as the original.\\n#9, Passed: 3 OR 3=3 - the response should be the same as the response from the Alternate value.\"\n                },\n                {\n                    \"original_value\": \"3\",\n                    \"original_exchange\": {\n                        \"request\": \"GET /shutterdb/search_get_by_id.php?id=2%20AND%202=3 HTTP/1.1\\r\\nAccept: text/html,application/xhtml+xml,application/xml;q=0.9,*/*;q=0.8\\r\\nAccept-Encoding: gzip, deflate\\r\\nAccept-Language: en-US\\r\\nUser-Agent: Mozilla/5.0 (Windows NT 10.0; WOW64) AppleWebKit/537.36 (KHTML, like Gecko) Chrome/79.0.3945.117 Safari/537.36\\r\\nX-RTC-AUTH: R7_IAS\\r\\nX-RTC-SCANID: 4b0b9d8e-b0e9-41eb-b9c3-877fefacd5c4\\r\\nHost: webscantest.com\\r\\nCookie: last_search4=1e309; last_search5=1%27+OR+%271%27%3D%271; TEST_SESSIONID=8lrmg1qtdurmut826kc4pl1dh6; NB_SRVID=srv140717; aspNetSim=1; __RequestVerificationToken=predefinedtoken; firstname=x7o1lmlc%27%22%3C%3D%2F-%2A%3Ex7o1lmlc\\r\\nX-RTC-REQUESTID: {174349C7-EFD0-461B-9192-DA40A849883C}\\r\\n\\r\\n\",\n                        \"response\": \"HTTP/1.1 200 OK\\r\\nCache-Control: no-store, no-cache, must-revalidate, post-check=0, pre-check=0\\r\\nConnection: close\\r\\nDate: Tue, 22 Jun 2021 21:45:12 GMT\\r\\nPragma: no-cache\\r\\nContent-Length: 637\\r\\nContent-Type: text/html\\r\\nContent-Encoding: gzip\\r\\nExpires: Thu, 19 Nov 1981 08:52:00 GMT\\r\\nServer: Apache/2.4.7 (Ubuntu)\\r\\nVary: Accept-Encoding\\r\\nx-powered-by: PHP/5.5.9-1ubuntu4.29\"\n                    },\n                    \"module\": {\n                        \"id\": \"22e85eea-6883-4039-82d8-c298aebc935a\"\n                    },\n                    \"attack\": {\n                        \"id\": \"BSQL09j\"\n                    },\n                    \"attack_value\": \"3 OR 1=0--\",\n                    \"message\": \"The following parameter values were submitted to test for this vulnerability:\\n#1, Passed: 3 OR 1=1-- - the response should be different from the original. Alternate value.\\n#2, Passed: 3 OR 1=0-- - the response should be the same as the original.\\n#3, Passed: 3 OR 2=2-- - the response should be the same as the response from the Alternate value.\\n#4, Passed: 3 OR 2=1-- - the response should be the same as the original.\\n#5, Passed: 3 OR 3=3-- - the response should be the same as the response from the Alternate value.\\n#6, Passed: 3 OR 2=1-- - the response should be the same as the original.\\n#7, Passed: 3 OR 3=3-- - the response should be the same as the response from the Alternate value.\\n#8, Passed: 3 OR 2=1-- - the response should be the same as the original.\\n#9, Passed: 3 OR 3=3-- - the response should be the same as the response from the Alternate value.\",\n                    \"proof\": \"Results for: 2 AND 2=3 OR 3=3--<br/>\\n<table border=\\\"1\\\">\\n\\t\\t<tr>\\n\\t\\t\\t<td>ID</td>\\n\\t\\t\\t<td>Name</td>\\n\\t\\t\\t<td>Description</td>\\n\\t\\t\\t<td>Price</td>\\n\\t\\t\\t<td>Picture</td>\\n\\t\\t</tr>\\n\\t\\t<tr>\\n\\t\\t\\t<td>1</td>\",\n                    \"attack_exchanges\": [\n                        {\n                            \"request\": \"GET /shutterdb/search_get_by_id.php?id=2%20AND%202=3%20OR%201%3D1-- HTTP/1.1\\r\\nAccept: text/html,application/xhtml+xml,application/xml;q=0.9,*/*;q=0.8\\r\\nAccept-Encoding: gzip, deflate\\r\\nAccept-Language: en-US\\r\\nUser-Agent: Mozilla/5.0 (Windows NT 10.0; WOW64) AppleWebKit/537.36 (KHTML, like Gecko) Chrome/79.0.3945.117 Safari/537.36\\r\\nX-RTC-AUTH: R7_IAS\\r\\nX-RTC-SCANID: 4b0b9d8e-b0e9-41eb-b9c3-877fefacd5c4\\r\\nHost: webscantest.com\\r\\nCookie: last_search4=2; last_search5=1; TEST_SESSIONID=8lrmg1qtdurmut826kc4pl1dh6; NB_SRVID=srv140717; aspNetSim=1; __RequestVerificationToken=predefinedtoken; firstname=John%27+%26%26+%271%27%3D%3D%271\\r\\nX-RTC-REQUESTID: {EA4C3F0F-BCEA-48AC-A837-47D207B6AB7A}\\r\\nX-RTC-ATTACKTYPE: BSQLInjection\\r\\n\\r\\n\",\n                            \"response\": \"HTTP/1.1 200 OK\\r\\nCache-Control: no-store, no-cache, must-revalidate, post-check=0, pre-check=0\\r\\nConnection: close\\r\\nDate: Tue, 22 Jun 2021 22:04:28 GMT\\r\\nPragma: no-cache\\r\\nContent-Length: 1002\\r\\nContent-Type: text/html\\r\\nContent-Encoding: gzip\\r\\nExpires: Thu, 19 Nov 1981 08:52:00 GMT\\r\\nServer: Apache/2.4.7 (Ubuntu)\\r\\nVary: Accept-Encoding\\r\\nx-powered-by: PHP/5.5.9-1ubuntu4.29\"\n                        },\n                        {\n                            \"request\": \"GET /shutterdb/search_get_by_id.php?id=2%20AND%202=3%20OR%202%3D1-- HTTP/1.1\\r\\nAccept: text/html,application/xhtml+xml,application/xml;q=0.9,*/*;q=0.8\\r\\nAccept-Encoding: gzip, deflate\\r\\nAccept-Language: en-US\\r\\nUser-Agent: Mozilla/5.0 (Windows NT 10.0; WOW64) AppleWebKit/537.36 (KHTML, like Gecko) Chrome/79.0.3945.117 Safari/537.36\\r\\nX-RTC-AUTH: R7_IAS\\r\\nX-RTC-SCANID: 4b0b9d8e-b0e9-41eb-b9c3-877fefacd5c4\\r\\nHost: webscantest.com\\r\\nCookie: last_search4=2; last_search5=1; TEST_SESSIONID=8lrmg1qtdurmut826kc4pl1dh6; NB_SRVID=srv140717; aspNetSim=1; __RequestVerificationToken=predefinedtoken; firstname=John%27+%26%26+%271%27%3D%3D%271\\r\\nX-RTC-REQUESTID: {3FA4593E-CAEE-4FB1-843E-A7305067D63B}\\r\\nX-RTC-ATTACKTYPE: BSQLInjection\\r\\n\\r\\n\",\n                            \"response\": \"HTTP/1.1 200 OK\\r\\nCache-Control: no-store, no-cache, must-revalidate, post-check=0, pre-check=0\\r\\nConnection: close\\r\\nDate: Tue, 22 Jun 2021 22:04:32 GMT\\r\\nPragma: no-cache\\r\\nContent-Length: 637\\r\\nContent-Type: text/html\\r\\nContent-Encoding: gzip\\r\\nExpires: Thu, 19 Nov 1981 08:52:00 GMT\\r\\nServer: Apache/2.4.7 (Ubuntu)\\r\\nVary: Accept-Encoding\\r\\nx-powered-by: PHP/5.5.9-1ubuntu4.29\"\n                        },\n                        {\n                            \"request\": \"GET /shutterdb/search_get_by_id.php?id=2%20AND%202=3%20OR%203%3D3-- HTTP/1.1\\r\\nAccept: text/html,application/xhtml+xml,application/xml;q=0.9,*/*;q=0.8\\r\\nAccept-Encoding: gzip, deflate\\r\\nAccept-Language: en-US\\r\\nUser-Agent: Mozilla/5.0 (Windows NT 10.0; WOW64) AppleWebKit/537.36 (KHTML, like Gecko) Chrome/79.0.3945.117 Safari/537.36\\r\\nX-RTC-AUTH: R7_IAS\\r\\nX-RTC-SCANID: 4b0b9d8e-b0e9-41eb-b9c3-877fefacd5c4\\r\\nHost: webscantest.com\\r\\nCookie: last_search4=2; last_search5=1; TEST_SESSIONID=8lrmg1qtdurmut826kc4pl1dh6; NB_SRVID=srv140717; aspNetSim=1; __RequestVerificationToken=predefinedtoken; firstname=John%27+%26%26+%271%27%3D%3D%271\\r\\nX-RTC-REQUESTID: {7CBD47B8-C227-4BE0-A7E1-649353BB8D86}\\r\\nX-RTC-ATTACKTYPE: BSQLInjection\\r\\n\\r\\n\",\n                            \"response\": \"HTTP/1.1 200 OK\\r\\nCache-Control: no-store, no-cache, must-revalidate, post-check=0, pre-check=0\\r\\nConnection: close\\r\\nDate: Tue, 22 Jun 2021 22:03:51 GMT\\r\\nPragma: no-cache\\r\\nContent-Length: 1002\\r\\nContent-Type: text/html\\r\\nContent-Encoding: gzip\\r\\nExpires: Thu, 19 Nov 1981 08:52:00 GMT\\r\\nServer: Apache/2.4.7 (Ubuntu)\\r\\nVary: Accept-Encoding\\r\\nx-powered-by: PHP/5.5.9-1ubuntu4.29\"\n                        },\n                        {\n                            \"request\": \"GET /shutterdb/search_get_by_id.php?id=2%20AND%202=3%20OR%202%3D1-- HTTP/1.1\\r\\nAccept: text/html,application/xhtml+xml,application/xml;q=0.9,*/*;q=0.8\\r\\nAccept-Encoding: gzip, deflate\\r\\nAccept-Language: en-US\\r\\nUser-Agent: Mozilla/5.0 (Windows NT 10.0; WOW64) AppleWebKit/537.36 (KHTML, like Gecko) Chrome/79.0.3945.117 Safari/537.36\\r\\nX-RTC-AUTH: R7_IAS\\r\\nX-RTC-SCANID: 4b0b9d8e-b0e9-41eb-b9c3-877fefacd5c4\\r\\nHost: webscantest.com\\r\\nCookie: last_search4=2; last_search5=1; TEST_SESSIONID=8lrmg1qtdurmut826kc4pl1dh6; NB_SRVID=srv140717; aspNetSim=1; __RequestVerificationToken=predefinedtoken; firstname=John%27+%26%26+%271%27%3D%3D%271\\r\\nX-RTC-REQUESTID: {3CFE2AE1-8B47-4BFC-8D3A-82FEDDE68F29}\\r\\nX-RTC-ATTACKTYPE: BSQLInjection\\r\\n\\r\\n\",\n                            \"response\": \"HTTP/1.1 200 OK\\r\\nCache-Control: no-store, no-cache, must-revalidate, post-check=0, pre-check=0\\r\\nConnection: close\\r\\nDate: Tue, 22 Jun 2021 22:04:31 GMT\\r\\nPragma: no-cache\\r\\nContent-Length: 637\\r\\nContent-Type: text/html\\r\\nContent-Encoding: gzip\\r\\nExpires: Thu, 19 Nov 1981 08:52:00 GMT\\r\\nServer: Apache/2.4.7 (Ubuntu)\\r\\nVary: Accept-Encoding\\r\\nx-powered-by: PHP/5.5.9-1ubuntu4.29\"\n                        },\n                        {\n                            \"request\": \"GET /shutterdb/search_get_by_id.php?id=2%20AND%202=3%20OR%201%3D0-- HTTP/1.1\\r\\nAccept: text/html,application/xhtml+xml,application/xml;q=0.9,*/*;q=0.8\\r\\nAccept-Encoding: gzip, deflate\\r\\nAccept-Language: en-US\\r\\nUser-Agent: Mozilla/5.0 (Windows NT 10.0; WOW64) AppleWebKit/537.36 (KHTML, like Gecko) Chrome/79.0.3945.117 Safari/537.36\\r\\nX-RTC-AUTH: R7_IAS\\r\\nX-RTC-SCANID: 4b0b9d8e-b0e9-41eb-b9c3-877fefacd5c4\\r\\nHost: webscantest.com\\r\\nCookie: last_search4=2; last_search5=1; TEST_SESSIONID=8lrmg1qtdurmut826kc4pl1dh6; NB_SRVID=srv140717; aspNetSim=1; __RequestVerificationToken=predefinedtoken; firstname=John%27+%26%26+%271%27%3D%3D%271\\r\\nX-RTC-REQUESTID: {54DB528A-6E2B-4AE1-A477-77781F847D34}\\r\\nX-RTC-ATTACKTYPE: BSQLInjection\\r\\n\\r\\n\",\n                            \"response\": \"HTTP/1.1 200 OK\\r\\nCache-Control: no-store, no-cache, must-revalidate, post-check=0, pre-check=0\\r\\nConnection: close\\r\\nDate: Tue, 22 Jun 2021 22:04:28 GMT\\r\\nPragma: no-cache\\r\\nContent-Length: 637\\r\\nContent-Type: text/html\\r\\nContent-Encoding: gzip\\r\\nExpires: Thu, 19 Nov 1981 08:52:00 GMT\\r\\nServer: Apache/2.4.7 (Ubuntu)\\r\\nVary: Accept-Encoding\\r\\nx-powered-by: PHP/5.5.9-1ubuntu4.29\"\n                        },\n                        {\n                            \"request\": \"GET /shutterdb/search_get_by_id.php?id=2%20AND%202=3%20OR%201%3D0-- HTTP/1.1\\r\\nAccept: text/html,application/xhtml+xml,application/xml;q=0.9,*/*;q=0.8\\r\\nAccept-Encoding: gzip, deflate\\r\\nAccept-Language: en-US\\r\\nUser-Agent: Mozilla/5.0 (Windows NT 10.0; WOW64) AppleWebKit/537.36 (KHTML, like Gecko) Chrome/79.0.3945.117 Safari/537.36\\r\\nX-RTC-AUTH: R7_IAS\\r\\nX-RTC-SCANID: 4b0b9d8e-b0e9-41eb-b9c3-877fefacd5c4\\r\\nHost: webscantest.com\\r\\nCookie: last_search4=2; last_search5=1; TEST_SESSIONID=8lrmg1qtdurmut826kc4pl1dh6; NB_SRVID=srv140717; aspNetSim=1; __RequestVerificationToken=predefinedtoken; firstname=John%27+%26%26+%271%27%3D%3D%271\\r\\nX-RTC-REQUESTID: {C242435D-A764-4E32-9BBC-39CDD70B0DE0}\\r\\nX-RTC-ATTACKTYPE: BSQLInjection\\r\\n\\r\\n\",\n                            \"response\": \"HTTP/1.1 200 OK\\r\\nCache-Control: no-store, no-cache, must-revalidate, post-check=0, pre-check=0\\r\\nConnection: close\\r\\nDate: Tue, 22 Jun 2021 22:03:47 GMT\\r\\nPragma: no-cache\\r\\nContent-Length: 637\\r\\nContent-Type: text/html\\r\\nContent-Encoding: gzip\\r\\nExpires: Thu, 19 Nov 1981 08:52:00 GMT\\r\\nServer: Apache/2.4.7 (Ubuntu)\\r\\nVary: Accept-Encoding\\r\\nx-powered-by: PHP/5.5.9-1ubuntu4.29\"\n                        },\n                        {\n                            \"request\": \"GET /shutterdb/search_get_by_id.php?id=2%20AND%202=3%20OR%202%3D1-- HTTP/1.1\\r\\nAccept: text/html,application/xhtml+xml,application/xml;q=0.9,*/*;q=0.8\\r\\nAccept-Encoding: gzip, deflate\\r\\nAccept-Language: en-US\\r\\nUser-Agent: Mozilla/5.0 (Windows NT 10.0; WOW64) AppleWebKit/537.36 (KHTML, like Gecko) Chrome/79.0.3945.117 Safari/537.36\\r\\nX-RTC-AUTH: R7_IAS\\r\\nX-RTC-SCANID: 4b0b9d8e-b0e9-41eb-b9c3-877fefacd5c4\\r\\nHost: webscantest.com\\r\\nCookie: last_search4=2; last_search5=1; TEST_SESSIONID=8lrmg1qtdurmut826kc4pl1dh6; NB_SRVID=srv140717; aspNetSim=1; __RequestVerificationToken=predefinedtoken; firstname=John%27+%26%26+%271%27%3D%3D%271\\r\\nX-RTC-REQUESTID: {118BBBAE-6CDB-42E6-AE57-7546B746A149}\\r\\nX-RTC-ATTACKTYPE: BSQLInjection\\r\\n\\r\\n\",\n                            \"response\": \"HTTP/1.1 200 OK\\r\\nCache-Control: no-store, no-cache, must-revalidate, post-check=0, pre-check=0\\r\\nConnection: close\\r\\nDate: Tue, 22 Jun 2021 22:03:50 GMT\\r\\nPragma: no-cache\\r\\nContent-Length: 637\\r\\nContent-Type: text/html\\r\\nContent-Encoding: gzip\\r\\nExpires: Thu, 19 Nov 1981 08:52:00 GMT\\r\\nServer: Apache/2.4.7 (Ubuntu)\\r\\nVary: Accept-Encoding\\r\\nx-powered-by: PHP/5.5.9-1ubuntu4.29\"\n                        },\n                        {\n                            \"request\": \"GET /shutterdb/search_get_by_id.php?id=2%20AND%202=3%20OR%203%3D3-- HTTP/1.1\\r\\nAccept: text/html,application/xhtml+xml,application/xml;q=0.9,*/*;q=0.8\\r\\nAccept-Encoding: gzip, deflate\\r\\nAccept-Language: en-US\\r\\nUser-Agent: Mozilla/5.0 (Windows NT 10.0; WOW64) AppleWebKit/537.36 (KHTML, like Gecko) Chrome/79.0.3945.117 Safari/537.36\\r\\nX-RTC-AUTH: R7_IAS\\r\\nX-RTC-SCANID: 4b0b9d8e-b0e9-41eb-b9c3-877fefacd5c4\\r\\nHost: webscantest.com\\r\\nCookie: last_search4=2; last_search5=1; TEST_SESSIONID=8lrmg1qtdurmut826kc4pl1dh6; NB_SRVID=srv140717; aspNetSim=1; __RequestVerificationToken=predefinedtoken; firstname=John%27+%26%26+%271%27%3D%3D%271\\r\\nX-RTC-REQUESTID: {D0007418-1CA5-46E2-860D-26401A1CF9D0}\\r\\nX-RTC-ATTACKTYPE: BSQLInjection\\r\\n\\r\\n\",\n                            \"response\": \"HTTP/1.1 200 OK\\r\\nCache-Control: no-store, no-cache, must-revalidate, post-check=0, pre-check=0\\r\\nConnection: close\\r\\nDate: Tue, 22 Jun 2021 22:04:31 GMT\\r\\nPragma: no-cache\\r\\nContent-Length: 1002\\r\\nContent-Type: text/html\\r\\nContent-Encoding: gzip\\r\\nExpires: Thu, 19 Nov 1981 08:52:00 GMT\\r\\nServer: Apache/2.4.7 (Ubuntu)\\r\\nVary: Accept-Encoding\\r\\nx-powered-by: PHP/5.5.9-1ubuntu4.29\"\n                        },\n                        {\n                            \"request\": \"GET /shutterdb/search_get_by_id.php?id=2%20AND%202=3%20OR%201%3D1-- HTTP/1.1\\r\\nAccept: text/html,application/xhtml+xml,application/xml;q=0.9,*/*;q=0.8\\r\\nAccept-Encoding: gzip, deflate\\r\\nAccept-Language: en-US\\r\\nUser-Agent: Mozilla/5.0 (Windows NT 10.0; WOW64) AppleWebKit/537.36 (KHTML, like Gecko) Chrome/79.0.3945.117 Safari/537.36\\r\\nX-RTC-AUTH: R7_IAS\\r\\nX-RTC-SCANID: 4b0b9d8e-b0e9-41eb-b9c3-877fefacd5c4\\r\\nHost: webscantest.com\\r\\nCookie: last_search4=2; last_search5=1; TEST_SESSIONID=8lrmg1qtdurmut826kc4pl1dh6; NB_SRVID=srv140717; aspNetSim=1; __RequestVerificationToken=predefinedtoken; firstname=John%27+%26%26+%271%27%3D%3D%271\\r\\nX-RTC-REQUESTID: {08A25BCD-EF17-4FA5-94F1-08A91C39CC3D}\\r\\nX-RTC-ATTACKTYPE: BSQLInjection\\r\\n\\r\\n\",\n                            \"response\": \"HTTP/1.1 200 OK\\r\\nCache-Control: no-store, no-cache, must-revalidate, post-check=0, pre-check=0\\r\\nConnection: close\\r\\nDate: Tue, 22 Jun 2021 22:03:47 GMT\\r\\nPragma: no-cache\\r\\nContent-Length: 1002\\r\\nContent-Type: text/html\\r\\nContent-Encoding: gzip\\r\\nExpires: Thu, 19 Nov 1981 08:52:00 GMT\\r\\nServer: Apache/2.4.7 (Ubuntu)\\r\\nVary: Accept-Encoding\\r\\nx-powered-by: PHP/5.5.9-1ubuntu4.29\"\n                        },\n                        {\n                            \"request\": \"GET /shutterdb/search_get_by_id.php?id=2%20AND%202=3%20OR%202%3D2-- HTTP/1.1\\r\\nAccept: text/html,application/xhtml+xml,application/xml;q=0.9,*/*;q=0.8\\r\\nAccept-Encoding: gzip, deflate\\r\\nAccept-Language: en-US\\r\\nUser-Agent: Mozilla/5.0 (Windows NT 10.0; WOW64) AppleWebKit/537.36 (KHTML, like Gecko) Chrome/79.0.3945.117 Safari/537.36\\r\\nX-RTC-AUTH: R7_IAS\\r\\nX-RTC-SCANID: 4b0b9d8e-b0e9-41eb-b9c3-877fefacd5c4\\r\\nHost: webscantest.com\\r\\nCookie: last_search4=2; last_search5=1; TEST_SESSIONID=8lrmg1qtdurmut826kc4pl1dh6; NB_SRVID=srv140717; aspNetSim=1; __RequestVerificationToken=predefinedtoken; firstname=John%27+%26%26+%271%27%3D%3D%271\\r\\nX-RTC-REQUESTID: {D282DD07-FC8A-4984-8D3D-815F6B1B5135}\\r\\nX-RTC-ATTACKTYPE: BSQLInjection\\r\\n\\r\\n\",\n                            \"response\": \"HTTP/1.1 200 OK\\r\\nCache-Control: no-store, no-cache, must-revalidate, post-check=0, pre-check=0\\r\\nConnection: close\\r\\nDate: Tue, 22 Jun 2021 22:04:29 GMT\\r\\nPragma: no-cache\\r\\nContent-Length: 1002\\r\\nContent-Type: text/html\\r\\nContent-Encoding: gzip\\r\\nExpires: Thu, 19 Nov 1981 08:52:00 GMT\\r\\nServer: Apache/2.4.7 (Ubuntu)\\r\\nVary: Accept-Encoding\\r\\nx-powered-by: PHP/5.5.9-1ubuntu4.29\"\n                        },\n                        {\n                            \"request\": \"GET /shutterdb/search_get_by_id.php?id=2%20AND%202=3%20OR%202%3D2-- HTTP/1.1\\r\\nAccept: text/html,application/xhtml+xml,application/xml;q=0.9,*/*;q=0.8\\r\\nAccept-Encoding: gzip, deflate\\r\\nAccept-Language: en-US\\r\\nUser-Agent: Mozilla/5.0 (Windows NT 10.0; WOW64) AppleWebKit/537.36 (KHTML, like Gecko) Chrome/79.0.3945.117 Safari/537.36\\r\\nX-RTC-AUTH: R7_IAS\\r\\nX-RTC-SCANID: 4b0b9d8e-b0e9-41eb-b9c3-877fefacd5c4\\r\\nHost: webscantest.com\\r\\nCookie: last_search4=2; last_search5=1; TEST_SESSIONID=8lrmg1qtdurmut826kc4pl1dh6; NB_SRVID=srv140717; aspNetSim=1; __RequestVerificationToken=predefinedtoken; firstname=John%27+%26%26+%271%27%3D%3D%271\\r\\nX-RTC-REQUESTID: {A664E0C9-0147-44B1-9F9D-07B8221F9C4D}\\r\\nX-RTC-ATTACKTYPE: BSQLInjection\\r\\n\\r\\n\",\n                            \"response\": \"HTTP/1.1 200 OK\\r\\nCache-Control: no-store, no-cache, must-revalidate, post-check=0, pre-check=0\\r\\nConnection: close\\r\\nDate: Tue, 22 Jun 2021 22:03:48 GMT\\r\\nPragma: no-cache\\r\\nContent-Length: 1002\\r\\nContent-Type: text/html\\r\\nContent-Encoding: gzip\\r\\nExpires: Thu, 19 Nov 1981 08:52:00 GMT\\r\\nServer: Apache/2.4.7 (Ubuntu)\\r\\nVary: Accept-Encoding\\r\\nx-powered-by: PHP/5.5.9-1ubuntu4.29\"\n                        },\n                        {\n                            \"request\": \"GET /shutterdb/search_get_by_id.php?id=2%20AND%202=3%20OR%203%3D3-- HTTP/1.1\\r\\nAccept: text/html,application/xhtml+xml,application/xml;q=0.9,*/*;q=0.8\\r\\nAccept-Encoding: gzip, deflate\\r\\nAccept-Language: en-US\\r\\nUser-Agent: Mozilla/5.0 (Windows NT 10.0; WOW64) AppleWebKit/537.36 (KHTML, like Gecko) Chrome/79.0.3945.117 Safari/537.36\\r\\nX-RTC-AUTH: R7_IAS\\r\\nX-RTC-SCANID: 4b0b9d8e-b0e9-41eb-b9c3-877fefacd5c4\\r\\nHost: webscantest.com\\r\\nCookie: last_search4=2; last_search5=1; TEST_SESSIONID=8lrmg1qtdurmut826kc4pl1dh6; NB_SRVID=srv140717; aspNetSim=1; __RequestVerificationToken=predefinedtoken; firstname=John%27+%26%26+%271%27%3D%3D%271\\r\\nX-RTC-REQUESTID: {9F366305-3CE0-425D-9DDF-18D020436BBD}\\r\\nX-RTC-ATTACKTYPE: BSQLInjection\\r\\n\\r\\n\",\n                            \"response\": \"HTTP/1.1 200 OK\\r\\nCache-Control: no-store, no-cache, must-revalidate, post-check=0, pre-check=0\\r\\nConnection: close\\r\\nDate: Tue, 22 Jun 2021 22:04:30 GMT\\r\\nPragma: no-cache\\r\\nContent-Length: 1002\\r\\nContent-Type: text/html\\r\\nContent-Encoding: gzip\\r\\nExpires: Thu, 19 Nov 1981 08:52:00 GMT\\r\\nServer: Apache/2.4.7 (Ubuntu)\\r\\nVary: Accept-Encoding\\r\\nx-powered-by: PHP/5.5.9-1ubuntu4.29\"\n                        },\n                        {\n                            \"request\": \"GET /shutterdb/search_get_by_id.php?id=2%20AND%202=3%20OR%202%3D1-- HTTP/1.1\\r\\nAccept: text/html,application/xhtml+xml,application/xml;q=0.9,*/*;q=0.8\\r\\nAccept-Encoding: gzip, deflate\\r\\nAccept-Language: en-US\\r\\nUser-Agent: Mozilla/5.0 (Windows NT 10.0; WOW64) AppleWebKit/537.36 (KHTML, like Gecko) Chrome/79.0.3945.117 Safari/537.36\\r\\nX-RTC-AUTH: R7_IAS\\r\\nX-RTC-SCANID: 4b0b9d8e-b0e9-41eb-b9c3-877fefacd5c4\\r\\nHost: webscantest.com\\r\\nCookie: last_search4=2; last_search5=1; TEST_SESSIONID=8lrmg1qtdurmut826kc4pl1dh6; NB_SRVID=srv140717; aspNetSim=1; __RequestVerificationToken=predefinedtoken; firstname=John%27+%26%26+%271%27%3D%3D%271\\r\\nX-RTC-REQUESTID: {E86648AD-1CFE-41E2-BBE4-70FFA4363A9A}\\r\\nX-RTC-ATTACKTYPE: BSQLInjection\\r\\n\\r\\n\",\n                            \"response\": \"HTTP/1.1 200 OK\\r\\nCache-Control: no-store, no-cache, must-revalidate, post-check=0, pre-check=0\\r\\nConnection: close\\r\\nDate: Tue, 22 Jun 2021 22:04:30 GMT\\r\\nPragma: no-cache\\r\\nContent-Length: 637\\r\\nContent-Type: text/html\\r\\nContent-Encoding: gzip\\r\\nExpires: Thu, 19 Nov 1981 08:52:00 GMT\\r\\nServer: Apache/2.4.7 (Ubuntu)\\r\\nVary: Accept-Encoding\\r\\nx-powered-by: PHP/5.5.9-1ubuntu4.29\"\n                        },\n                        {\n                            \"request\": \"GET /shutterdb/search_get_by_id.php?id=2%20AND%202=3%20OR%203%3D3-- HTTP/1.1\\r\\nAccept: text/html,application/xhtml+xml,application/xml;q=0.9,*/*;q=0.8\\r\\nAccept-Encoding: gzip, deflate\\r\\nAccept-Language: en-US\\r\\nUser-Agent: Mozilla/5.0 (Windows NT 10.0; WOW64) AppleWebKit/537.36 (KHTML, like Gecko) Chrome/79.0.3945.117 Safari/537.36\\r\\nX-RTC-AUTH: R7_IAS\\r\\nX-RTC-SCANID: 4b0b9d8e-b0e9-41eb-b9c3-877fefacd5c4\\r\\nHost: webscantest.com\\r\\nCookie: last_search4=2; last_search5=1; TEST_SESSIONID=8lrmg1qtdurmut826kc4pl1dh6; NB_SRVID=srv140717; aspNetSim=1; __RequestVerificationToken=predefinedtoken; firstname=John%27+%26%26+%271%27%3D%3D%271\\r\\nX-RTC-REQUESTID: {0E6E9B6E-7F12-461A-8DC7-E7551D28B6CF}\\r\\nX-RTC-ATTACKTYPE: BSQLInjection\\r\\n\\r\\n\",\n                            \"response\": \"HTTP/1.1 200 OK\\r\\nCache-Control: no-store, no-cache, must-revalidate, post-check=0, pre-check=0\\r\\nConnection: close\\r\\nDate: Tue, 22 Jun 2021 22:04:32 GMT\\r\\nPragma: no-cache\\r\\nContent-Length: 1002\\r\\nContent-Type: text/html\\r\\nContent-Encoding: gzip\\r\\nExpires: Thu, 19 Nov 1981 08:52:00 GMT\\r\\nServer: Apache/2.4.7 (Ubuntu)\\r\\nVary: Accept-Encoding\\r\\nx-powered-by: PHP/5.5.9-1ubuntu4.29\"\n                        },\n                        {\n                            \"request\": \"GET /shutterdb/search_get_by_id.php?id=2%20AND%202=3%20OR%203%3D3-- HTTP/1.1\\r\\nAccept: text/html,application/xhtml+xml,application/xml;q=0.9,*/*;q=0.8\\r\\nAccept-Encoding: gzip, deflate\\r\\nAccept-Language: en-US\\r\\nUser-Agent: Mozilla/5.0 (Windows NT 10.0; WOW64) AppleWebKit/537.36 (KHTML, like Gecko) Chrome/79.0.3945.117 Safari/537.36\\r\\nX-RTC-AUTH: R7_IAS\\r\\nX-RTC-SCANID: 4b0b9d8e-b0e9-41eb-b9c3-877fefacd5c4\\r\\nHost: webscantest.com\\r\\nCookie: last_search4=2; last_search5=1; TEST_SESSIONID=8lrmg1qtdurmut826kc4pl1dh6; NB_SRVID=srv140717; aspNetSim=1; __RequestVerificationToken=predefinedtoken; firstname=John%27+%26%26+%271%27%3D%3D%271\\r\\nX-RTC-REQUESTID: {7F0ABF59-FA7C-4E89-9525-E1643D776954}\\r\\nX-RTC-ATTACKTYPE: BSQLInjection\\r\\n\\r\\n\",\n                            \"response\": \"HTTP/1.1 200 OK\\r\\nCache-Control: no-store, no-cache, must-revalidate, post-check=0, pre-check=0\\r\\nConnection: close\\r\\nDate: Tue, 22 Jun 2021 22:03:49 GMT\\r\\nPragma: no-cache\\r\\nContent-Length: 1002\\r\\nContent-Type: text/html\\r\\nContent-Encoding: gzip\\r\\nExpires: Thu, 19 Nov 1981 08:52:00 GMT\\r\\nServer: Apache/2.4.7 (Ubuntu)\\r\\nVary: Accept-Encoding\\r\\nx-powered-by: PHP/5.5.9-1ubuntu4.29\"\n                        },\n                        {\n                            \"request\": \"GET /shutterdb/search_get_by_id.php?id=2%20AND%202=3%20OR%203%3D3-- HTTP/1.1\\r\\nAccept: text/html,application/xhtml+xml,application/xml;q=0.9,*/*;q=0.8\\r\\nAccept-Encoding: gzip, deflate\\r\\nAccept-Language: en-US\\r\\nUser-Agent: Mozilla/5.0 (Windows NT 10.0; WOW64) AppleWebKit/537.36 (KHTML, like Gecko) Chrome/79.0.3945.117 Safari/537.36\\r\\nX-RTC-AUTH: R7_IAS\\r\\nX-RTC-SCANID: 4b0b9d8e-b0e9-41eb-b9c3-877fefacd5c4\\r\\nHost: webscantest.com\\r\\nCookie: last_search4=2; last_search5=1; TEST_SESSIONID=8lrmg1qtdurmut826kc4pl1dh6; NB_SRVID=srv140717; aspNetSim=1; __RequestVerificationToken=predefinedtoken; firstname=John%27+%26%26+%271%27%3D%3D%271\\r\\nX-RTC-REQUESTID: {3960F2D4-3CD6-4614-A84C-27987F9DBD9D}\\r\\nX-RTC-ATTACKTYPE: BSQLInjection\\r\\n\\r\\n\",\n                            \"response\": \"HTTP/1.1 200 OK\\r\\nCache-Control: no-store, no-cache, must-revalidate, post-check=0, pre-check=0\\r\\nConnection: close\\r\\nDate: Tue, 22 Jun 2021 22:03:52 GMT\\r\\nPragma: no-cache\\r\\nContent-Length: 1002\\r\\nContent-Type: text/html\\r\\nContent-Encoding: gzip\\r\\nExpires: Thu, 19 Nov 1981 08:52:00 GMT\\r\\nServer: Apache/2.4.7 (Ubuntu)\\r\\nVary: Accept-Encoding\\r\\nx-powered-by: PHP/5.5.9-1ubuntu4.29\"\n                        },\n                        {\n                            \"request\": \"GET /shutterdb/search_get_by_id.php?id=2%20AND%202=3%20OR%202%3D1-- HTTP/1.1\\r\\nAccept: text/html,application/xhtml+xml,application/xml;q=0.9,*/*;q=0.8\\r\\nAccept-Encoding: gzip, deflate\\r\\nAccept-Language: en-US\\r\\nUser-Agent: Mozilla/5.0 (Windows NT 10.0; WOW64) AppleWebKit/537.36 (KHTML, like Gecko) Chrome/79.0.3945.117 Safari/537.36\\r\\nX-RTC-AUTH: R7_IAS\\r\\nX-RTC-SCANID: 4b0b9d8e-b0e9-41eb-b9c3-877fefacd5c4\\r\\nHost: webscantest.com\\r\\nCookie: last_search4=2; last_search5=1; TEST_SESSIONID=8lrmg1qtdurmut826kc4pl1dh6; NB_SRVID=srv140717; aspNetSim=1; __RequestVerificationToken=predefinedtoken; firstname=John%27+%26%26+%271%27%3D%3D%271\\r\\nX-RTC-REQUESTID: {F9BFAA98-4FF1-431E-AFA3-917E31694CF0}\\r\\nX-RTC-ATTACKTYPE: BSQLInjection\\r\\n\\r\\n\",\n                            \"response\": \"HTTP/1.1 200 OK\\r\\nCache-Control: no-store, no-cache, must-revalidate, post-check=0, pre-check=0\\r\\nConnection: close\\r\\nDate: Tue, 22 Jun 2021 22:03:49 GMT\\r\\nPragma: no-cache\\r\\nContent-Length: 637\\r\\nContent-Type: text/html\\r\\nContent-Encoding: gzip\\r\\nExpires: Thu, 19 Nov 1981 08:52:00 GMT\\r\\nServer: Apache/2.4.7 (Ubuntu)\\r\\nVary: Accept-Encoding\\r\\nx-powered-by: PHP/5.5.9-1ubuntu4.29\"\n                        },\n                        {\n                            \"request\": \"GET /shutterdb/search_get_by_id.php?id=2%20AND%202=3%20OR%202%3D1-- HTTP/1.1\\r\\nAccept: text/html,application/xhtml+xml,application/xml;q=0.9,*/*;q=0.8\\r\\nAccept-Encoding: gzip, deflate\\r\\nAccept-Language: en-US\\r\\nUser-Agent: Mozilla/5.0 (Windows NT 10.0; WOW64) AppleWebKit/537.36 (KHTML, like Gecko) Chrome/79.0.3945.117 Safari/537.36\\r\\nX-RTC-AUTH: R7_IAS\\r\\nX-RTC-SCANID: 4b0b9d8e-b0e9-41eb-b9c3-877fefacd5c4\\r\\nHost: webscantest.com\\r\\nCookie: last_search4=2; last_search5=1; TEST_SESSIONID=8lrmg1qtdurmut826kc4pl1dh6; NB_SRVID=srv140717; aspNetSim=1; __RequestVerificationToken=predefinedtoken; firstname=John%27+%26%26+%271%27%3D%3D%271\\r\\nX-RTC-REQUESTID: {A778D1AB-8A64-4D94-BDDD-BA2A5D14502B}\\r\\nX-RTC-ATTACKTYPE: BSQLInjection\\r\\n\\r\\n\",\n                            \"response\": \"HTTP/1.1 200 OK\\r\\nCache-Control: no-store, no-cache, must-revalidate, post-check=0, pre-check=0\\r\\nConnection: close\\r\\nDate: Tue, 22 Jun 2021 22:03:51 GMT\\r\\nPragma: no-cache\\r\\nContent-Length: 637\\r\\nContent-Type: text/html\\r\\nContent-Encoding: gzip\\r\\nExpires: Thu, 19 Nov 1981 08:52:00 GMT\\r\\nServer: Apache/2.4.7 (Ubuntu)\\r\\nVary: Accept-Encoding\\r\\nx-powered-by: PHP/5.5.9-1ubuntu4.29\"\n                        }\n                    ],\n                    \"proof_description\": \"The following parameter values were submitted to test for this vulnerability:\\n#1, Passed: 3 OR 1=1-- - the response should be different from the original. Alternate value.\\n#2, Passed: 3 OR 1=0-- - the response should be the same as the original.\\n#3, Passed: 3 OR 2=2-- - the response should be the same as the response from the Alternate value.\\n#4, Passed: 3 OR 2=1-- - the response should be the same as the original.\\n#5, Passed: 3 OR 3=3-- - the response should be the same as the response from the Alternate value.\\n#6, Passed: 3 OR 2=1-- - the response should be the same as the original.\\n#7, Passed: 3 OR 3=3-- - the response should be the same as the response from the Alternate value.\\n#8, Passed: 3 OR 2=1-- - the response should be the same as the original.\\n#9, Passed: 3 OR 3=3-- - the response should be the same as the response from the Alternate value.\"\n                }\n            ],\n            \"links\": [\n                {\n                    \"rel\": \"self\",\n                    \"href\": \"https://us3.api.insight.rapid7.com:443/ias/v1/vulnerabilities/94d3a3e3-6bb7-433f-9ead-beb29012aca7\"\n                }\n            ]\n        }\n    ],\n    \"metadata\": {\n        \"index\": 2,\n        \"size\": 1,\n        \"sort\": \"vulnerability.severity,DESC\",\n        \"total_data\": 1010,\n        \"total_pages\": 1010\n    },\n    \"links\": [\n        {\n            \"rel\": \"first\",\n            \"href\": \"https://us3.api.insight.rapid7.com:443/ias/v1/vulnerabilities?index=0&size=1&sort=vulnerability.severity,desc\"\n        },\n        {\n            \"rel\": \"previous\",\n            \"href\": \"https://us3.api.insight.rapid7.com:443/ias/v1/vulnerabilities?index=1&size=1&sort=vulnerability.severity,desc\"\n        },\n        {\n            \"rel\": \"self\",\n            \"href\": \"https://us3.api.insight.rapid7.com:443/ias/v1/vulnerabilities\"\n        },\n        {\n            \"rel\": \"next\",\n            \"href\": \"https://us3.api.insight.rapid7.com:443/ias/v1/vulnerabilities?index=3&size=1&sort=vulnerability.severity,desc\"\n        },\n        {\n            \"rel\": \"last\",\n            \"href\": \"https://us3.api.insight.rapid7.com:443/ias/v1/vulnerabilities?index=1009&size=1&sort=vulnerability.severity,desc\"\n        }\n    ]\n}","statusCode":2,"contentAvailable":true}}},"UPDATE_RECORD":{"templateId":32,"operation":"UPDATE_RECORD","httpVerb":"POST","restUrl":"/ias/v1/vulnerabilities/${recordId}","specifications":{"Request":{"specId":61,"type":"Request","adapterType":null,"specType":"None","status":"Active","specification":"{}","samplePayload":"{}","statusCode":2,"contentAvailable":true},"Response":{"specId":62,"type":"Response","adapterType":null,"specType":"None","status":"Active","specification":"{}","samplePayload":"{}","statusCode":2,"contentAvailable":true}}}},"default":true}]